{
    "Mercurio": {
        "a": 0.38709927,
        "a_rate": 0.00000037,
        "e": 0.20563593,
        "e_rate": 0.00001906,
        "I": 7.00497902,
        "I_rate": -0.00594749,
        "L": 252.25032350,
        "L_rate": 149472.67411175,
        "long_peri": 77.45779628,
        "long_peri_rate": 0.16047689,
        "long_node": 48.33076593,
        "long_node_rate": -0.12534081
    },
    "Venus": {
        "a": 0.72333199,
        "a_rate": -0.00000051,
        "e": 0.00677323,
        "e_rate": -0.00005170,
        "I": 3.39467605,
        "I_rate": 0.00078890,
        "L": 181.97909950,
        "L_rate": 58517.81560260,
        "long_peri": 131.76759887,
        "long_peri_rate": 0.00268329,
        "long_node": 76.67984255,
        "long_node_rate": -0.27769418
    },
    "Tierra": {
        "a": 1.00000011,
        "a_rate": -0.00000005,
        "e": 0.01671022,
        "e_rate": -0.00003804,
        "I": -0.00001531,
        "I_rate": -0.01294668,
        "L": 100.46457166,
        "L_rate": 35999.37244981,
        "long_peri": 102.94719700,
        "long_peri_rate": 0.32327364,
        "long_node": 0.0,
        "long_node_rate": 0.0
    },
    "Marte": {
        "a": 1.52366231,
        "a_rate": 0.00000020,
        "e": 0.09341233,
        "e_rate": 0.00007882,
        "I": 1.85061,
        "I_rate": -0.00813131,
        "L": 355.45332,
        "L_rate": 19140.30268499,
        "long_peri": 336.04084,
        "long_peri_rate": 0.44441088,
        "long_node": 49.57854,
        "long_node_rate": -0.29257343
    },
    "Júpiter": {
        "a": 5.20336301,
        "a_rate": -0.00000012,
        "e": 0.04839266,
        "e_rate": -0.00012880,
        "I": 1.30530,
        "I_rate": 0.00183714,
        "L": 34.40438,
        "L_rate": 3034.74612775,
        "long_peri": 14.331309,
        "long_peri_rate": 0.21555250,
        "long_node": 100.55615,
        "long_node_rate": -0.29498416
    },
    "Saturno": {
        "a": 9.53707032,
        "a_rate": -0.00000015,
        "e": 0.05415060,
        "e_rate": -0.00036762,
        "I": 2.48446,
        "I_rate": 0.00193609,
        "L": 50.07744,
        "L_rate": 1222.49362201,
        "long_peri": 92.43194,
        "long_peri_rate": 0.12642250,
        "long_node": 113.66242,
        "long_node_rate": -0.11125251
    },
    "Urano": {
        "a": 19.19126393,
        "a_rate": 0.00000027,
        "e": 0.04716771,
        "e_rate": -0.00019150,
        "I": 0.76986,
        "I_rate": -0.00242939,
        "L": 314.20230,
        "L_rate": 428.48202785,
        "long_peri": 170.96424,
        "long_peri_rate": -0.00600907,
        "long_node": 74.01620,
        "long_node_rate": 0.07496459
    },
    "Neptuno": {
        "a": 30.06952752,
        "a_rate": -0.00000048,
        "e": 0.00858587,
        "e_rate": 0.00005105,
        "I": 1.76917,
        "I_rate": -0.00930823,
        "L": 304.22269,
        "L_rate": 218.45945325,
        "long_peri": 44.97135,
        "long_peri_rate": 0.00668250,
        "long_node": 131.78460,
        "long_node_rate": -0.00667540
    }
}